{
  "project_info": {
    "project_number": "802520689303",
    "project_id": "multiplayertest-6b6bb",
    "storage_bucket": "multiplayertest-6b6bb.appspot.com"
  },
  "client": [
    {
      "client_info": {
        "mobilesdk_app_id": "1:802520689303:android:4eaaf6190e5ab6fc5f97d2",
        "android_client_info": {
          "package_name": "com.example.multiplayertest"
        }
      },
      "oauth_client": [
        {
          "client_id": "802520689303-pks4f6r6sq368k11vlgum34t969oqk2t.apps.googleusercontent.com",
          "client_type": 3
        }
      ],
      "api_key": [
        {
          "current_key": "AIzaSyAVfSNHPWth7hDRtT2_Msun9UYN_MgIayQ"
        }
      ],
      "services": {
        "appinvite_service": {
          "other_platform_oauth_client": [
            {
              "client_id": "802520689303-pks4f6r6sq368k11vlgum34t969oqk2t.apps.googleusercontent.com",
              "client_type": 3
            }
          ]
        }
      }
    }
  ],
  "configuration_version": "1"
}